wide_receiver,Receiver_Score,offense_composite,defense_composite,opponent_defensive_score,adjusted_receiver_score,Receiver_Rank,Games_Played,Predicted_Rank,Final_Rank
Garrett Wilson,4.213860414359501,2.6091374401767893,6.703746631060998,4.408638851743962,1.22299015752043,6.0,11,1.0,1
Amon-Ra St. Brown,3.675868749669724,4.095410238379213,2.040723981900452,4.22827670876128,1.0835388019242562,3.0,10,1.0,2
Ja'Marr Chase,2.812790143852226,6.041992884836143,3.7968106263670394,4.640943100767112,0.7855672005304841,2.0,10,1.0,3
Drake London,4.112968562,4.774798781728786,3.022394130277448,4.210786702806954,1.0235094056969471,5.0,10,0.99999994,4
CeeDee Lamb,4.279988336004769,4.519478950811237,4.550681356009225,3.681420228551376,1.5437523291613564,8.0,9,0.99999994,5
D.J. Moore,4.463595089474579,2.310023613821338,6.031291119767494,3.7291422700053363,1.4118987196305284,9.0,9,0.99999994,6
Courtland Sutton,4.639891024571487,2.510392705803264,5.903161840722111,4.150930403702824,1.415638671615632,14.0,11,0.99999946,7
Marvin Harrison Jr.,4.6490840212173135,2.8556658045283125,4.382799181497349,4.97062438059304,1.0300153006868418,15.0,10,0.9999972,8
Jaxon Smith-Njigba,4.637184310346209,5.4797765715187845,4.418094518745434,4.349022672793165,1.2983845297236447,13.0,11,0.9999963,9
Tyreek Hill,4.851844498,3.276818892526985,6.348605327751904,5.062442194252705,1.0144863125002506,21.0,10,0.99999607,10
Justin Jefferson,4.503124025853787,5.017612897562362,1.629144471598666,4.190509273645725,1.353902119644709,10.0,10,0.9999929,11
Malik Nabers,4.845922267,1.9442203616120548,4.859936340167777,4.517553093854926,1.1098700039625753,20.0,9,0.99998593,12
Zay Flowers,4.618347103867493,5.603180071,1.0009372550356157,4.472023313091297,1.1999487680125085,12.0,10,0.9999819,13
Darnell Mooney,4.718173524095618,4.774798781728786,3.022394130277448,4.210786702806954,1.1741142454777889,17.0,10,0.9999657,14
Keenan Allen,5.02789374949448,2.310023613821338,6.031291119767494,3.7291422700053363,1.590394425356629,29.0,9,0.99993557,15
Wan'Dale Robinson,4.975733777927935,1.9442203616120548,4.859936340167777,4.517553093854926,1.1396009599449923,25.0,9,0.99993354,16
Demarcus Robinson,4.973788651941421,4.460393004568066,4.652511108393461,4.79516261124265,1.1954201969177594,24.0,10,0.99992007,17
Brian Thomas,4.785735768575087,2.620911471217988,2.536869123778477,4.605842589087526,1.2083537465369238,19.0,11,0.9998566,18
Jayden Reed,5.066639364110453,4.075020768,5.445662764611655,3.368391987485526,1.8950468624520347,31.0,11,0.99980134,19
George Pickens,5.090922556,3.3044991107993282,5.007675049502437,4.466535968874445,1.4808724603993013,32.0,10,0.9997965,20
Ladd McConkey,5.045823492524649,2.7857926791879697,4.519320986293021,4.634406281513321,1.1450858125458299,30.0,10,0.9997862,21
Nick Westbrook-Ikhine,5.1363573327328655,2.231988959021026,5.569818984476651,4.133388557870235,1.5591726184070966,34.0,10,0.99968106,22
Mike Evans,4.998403582931885,3.953397848715493,2.9301420049973568,3.6775957423257326,1.7260285159917907,27.0,11,0.99909264,23
Josh Downs,5.118128897225063,3.655847593198644,3.890155380512179,4.282501334574622,1.540036184388346,33.0,11,0.99888694,24
Cooper Kupp,5.245140189482854,4.460393004568066,4.652511108393461,4.79516261124265,1.2606379073847478,40.0,10,0.9973485,25
Jalen Tolbert,5.225463773184406,4.519478950811237,4.550681356009225,3.681420228551376,1.8847766016409675,37.0,9,0.99705404,26
Calvin Ridley,5.249621962729083,2.231988959021026,5.569818984476651,4.133388557870235,1.5935547881966934,41.0,10,0.996274,27
Xavier Worthy,5.288575716,3.775615619954671,4.596603761984669,4.040935240187892,1.5150770908004187,42.0,10,0.9956344,28
Jakobi Meyers,5.359412645909907,3.958205831662952,4.844005510591817,4.073983572657633,1.663452938769147,47.0,11,0.99100244,29
Michael Pittman Jr.,5.316013308393101,3.655847593198644,3.890155380512179,4.282501334574622,1.599579263395877,44.0,11,0.9856082,30
Xavier Legette,5.233985226991922,1.8711107325840275,4.623640980198356,4.157035017919782,1.3494166345933558,38.0,10,0.98465216,31
Khalil Shakir,5.348079029013295,2.8199918025182558,5.9994175152082585,4.27415448690762,1.8167739695301648,46.0,11,0.98463184,32
Quentin Johnston,5.3693048406468975,2.7857926791879697,4.519320986293021,4.634406281513321,1.2184958125005945,49.0,10,0.967513,33
Rashod Bateman,5.210278933130425,5.603180071,1.0009372550356157,4.472023313091297,1.3537457548889258,36.0,10,0.9478477,34
Alec Pierce,5.419689898308279,3.655847593198644,3.890155380512179,4.282501334574622,1.6307753710262494,54.0,11,0.90904963,35
Jerry Jeudy,5.478452543994235,2.350556175263605,5.058257918552036,3.816118748375257,2.1329347191930204,60.0,10,0.61658347,36
Tank Dell,5.434362573230498,5.152172894389288,1.571823390410661,4.21003391736275,1.8133661147407145,57.0,11,0.18351917,37
Dontayvion Wicks,5.467276393,4.075020768,5.445662764611655,3.368391987485526,2.0448948957204505,59.0,11,0.08050958,38
Michael Wilson,5.552166277324523,2.8556658045283125,4.382799181497349,4.97062438059304,1.230095259948507,66.0,10,0.07089608,39
Tre Tucker,5.639027472457174,3.958205831662952,4.844005510591817,4.073983572657633,1.7502397073338782,77.0,11,0.033113487,40
Jauan Jennings,5.293979327256869,4.811793063914677,5.695988214310297,3.9908688972334105,1.5565856056259952,43.0,10,0.02778028,41
Elijah Moore,5.666738610655226,2.350556175263605,5.058257918552036,3.816118748375257,2.2062404356191654,78.0,10,0.01917367,42
DeVonta Smith,5.582027876632258,2.297559176741445,5.4569544323642685,3.859228720969319,1.537784586757179,69.0,9,0.007811859,43
Calvin Austin III,5.785784236243762,3.3044991107993282,5.007675049502437,4.466535968874445,1.6829972256088996,94.0,10,0.0068869754,44
Jordan Addison,5.587709247073216,5.017612897562362,1.629144471598666,4.190509273645725,1.6799917901742472,71.0,10,0.006199855,45
Cedric Tillman,5.735093313568664,2.350556175263605,5.058257918552036,3.816118748375257,2.232853081809679,87.0,10,0.0042535504,46
Chris Godwin,5.746121954222988,3.953397848715493,2.9301420049973568,3.6775957423257326,1.9842276007714332,88.0,11,0.0027266752,47
Jameson Williams,5.687559187005322,4.095410238379213,2.040723981900452,4.22827670876128,1.6765264178532877,81.0,10,0.00077316456,48
Andrei Iosivas,5.429041351752855,6.041992884836143,3.7968106263670394,4.640943100767112,1.5162442266117357,56.0,10,0.0007481321,49
Rome Odunze,5.673117939727799,2.310023613821338,6.031291119767494,3.7291422700053363,1.7944880292523264,80.0,9,0.00069924654,50
Demario Douglas,5.414918931,1.7840265156643689,2.906726082955592,5.096986258027723,1.2908807432688492,53.0,11,0.0006934941,51
Mack Hollins,5.715987594980291,2.8199918025182558,5.9994175152082585,4.27415448690762,1.9417546779752826,83.0,11,0.00068972586,52
Nico Collins,5.726341440696279,5.152172894389288,1.571823390410661,4.21003391736275,1.910795128190084,84.0,11,0.00067236536,53
Stefon Diggs,5.732829512509975,5.152172894389288,1.571823390410661,4.21003391736275,1.9129601014425932,86.0,11,0.00060017814,54
A.J. Brown,5.698386042902172,2.297559176741445,5.4569544323642685,3.859228720969319,1.5698399255315094,82.0,9,0.0004347618,55
D.K. Metcalf,5.517035002671034,5.4797765715187845,4.418094518745434,4.349022672793165,1.5447375859738026,64.0,11,0.0002825834,56
Jalen Nailor,5.753860688522892,5.017612897562362,1.629144471598666,4.190509273645725,1.729946618661471,91.0,10,0.00025171324,57
Jaylen Waddle,5.583188789673878,3.276818892526985,6.348605327751904,5.062442194252705,1.1674052228324399,70.0,10,0.00014974042,58
Tyler Lockett,5.557098622034714,5.4797765715187845,4.418094518745434,4.349022672793165,1.5559551654548378,67.0,11,0.0001291691,59
Juwan Johnson,5.858398153894199,3.1000106155777725,3.1180306484067333,4.438428161186117,1.401223247663385,97.0,11,9.2323804e-05,60
Ray-Ray McCloud,5.924669021720147,4.774798781728786,3.022394130277448,4.210786702806954,1.4743498225779976,100.0,10,9.1148635e-05,61
Dalton Kincaid,5.809623803942123,2.8199918025182558,5.9994175152082585,4.27415448690762,1.973563450073435,95.0,11,8.713745e-05,62
Sterling Shepard,6.099467937234218,3.953397848715493,2.9301420049973568,3.6775957423257326,2.1062436069923463,127.0,11,5.0076153e-05,63
Ameer Abdullah,6.012378627716425,3.958205831662952,4.844005510591817,4.073983572657633,1.8661203303500622,113.0,11,3.1399577e-05,64
Tee Higgins,5.616190668707406,6.041992884836143,3.7968106263670394,4.640943100767112,1.568512030992163,75.0,10,1.6919801e-05,65
Foster Moreau,6.03064427362358,3.1000106155777725,3.1180306484067333,4.438428161186117,1.442421414987874,120.0,11,1.3575223e-05,66
Tony Pollard,5.960425028,2.231988959021026,5.569818984476651,4.133388557870235,1.809323396926781,106.0,10,1.0121272e-05,67
Johnny Mundt,5.992634509630857,5.017612897562362,1.629144471598666,4.190509273645725,1.8017359766827539,110.0,10,8.284787e-06,68
Romeo Doubs,5.917292336747601,4.075020768,5.445662764611655,3.368391987485526,2.2132118493698205,99.0,11,5.696157e-06,69
Greg Dortch,6.065861253861862,2.8556658045283125,4.382799181497349,4.97062438059304,1.343905568195745,121.0,10,5.207953e-06,70
Troy Franklin,5.964078030797446,2.510392705803264,5.903161840722111,4.150930403702824,1.8196503875238783,107.0,11,4.491586e-06,71
Kyle Trask,6.262329127666924,3.953397848715493,2.9301420049973568,3.6775957423257326,2.1624821747995564,165.0,11,4.454389e-06,72
Tavierre Thomas,6.262329127666924,3.953397848715493,2.9301420049973568,3.6775957423257326,2.1624821747995564,165.0,11,4.454389e-06,73
Joe Mixon,6.08617965,5.152172894389288,1.571823390410661,4.21003391736275,2.0308677967375086,124.0,11,3.3406027e-06,74
Tyler Goodson,6.2697249419130126,3.655847593198644,3.890155380512179,4.282501334574622,1.8865494540209715,202.0,11,3.3230694e-06,75
Jaleel McLaughlin,5.9811830233650065,2.510392705803264,5.903161840722111,4.150930403702824,1.8248691499834662,109.0,11,3.2605801e-06,76
Chase Brown,5.750980632033584,6.041992884836143,3.7968106263670394,4.640943100767112,1.60615670718026,89.0,10,2.703924e-06,77
Bucky Irving,6.29409224501434,3.953397848715493,2.9301420049973568,3.6775957423257326,2.1734504860434707,209.0,11,2.7014034e-06,78
Saquon Barkley,6.014469981308083,2.297559176741445,5.4569544323642685,3.859228720969319,1.6569174212632882,116.0,9,2.5217923e-06,79
Colby Parkinson,6.022987286511328,4.460393004568066,4.652511108393461,4.79516261124265,1.447588780308804,117.0,10,2.423804e-06,80
Jahmyr Gibbs,6.1501729275040296,4.095410238379213,2.040723981900452,4.22827670876128,1.8128914439662396,139.0,10,2.3402442e-06,81
Austin Hooper,5.777219744407815,1.7840265156643689,2.906726082955592,5.096986258027723,1.3772508532613812,93.0,11,2.2616523e-06,82
Kameron Johnson,6.309820167093448,3.953397848715493,2.9301420049973568,3.6775957423257326,2.1788815885206967,220.0,11,2.0953464e-06,83
J.K. Dobbins,6.114101274128663,2.7857926791879697,4.519320986293021,4.634406281513321,1.3875179414906795,130.0,10,1.9844495e-06,84
Elijah Higgins,6.129268244052176,2.8556658045283125,4.382799181497349,4.97062438059304,1.3579535333359405,135.0,10,1.927497e-06,85
Brock Wright,6.168368409777417,4.095410238379213,2.040723981900452,4.22827670876128,1.8182549409802415,141.0,10,1.8161826e-06,86
Brenton Strange,6.010344790992995,2.620911471217988,2.536869123778477,4.605842589087526,1.5175561287491335,112.0,11,1.7433175e-06,87
Josh Oliver,6.1010241831392165,5.017612897562362,1.629144471598666,4.190509273645725,1.834324243820864,128.0,10,1.7016902e-06,88
Adonai Mitchell,6.296852206088359,3.655847593198644,3.890155380512179,4.282501334574622,1.8947120011947498,210.0,11,1.7003923e-06,89
Luke Schoonmaker,6.126834801533524,4.519478950811237,4.550681356009225,3.681420228551376,2.2098928204284,133.0,9,1.6845327e-06,90
Jordan Akins,6.239427222665202,2.350556175263605,5.058257918552036,3.816118748375257,2.4292062118490945,154.0,10,1.6554758e-06,91
Chigoziem Okonkwo,6.069774621223191,2.231988959021026,5.569818984476651,4.133388557870235,1.842517133470745,122.0,10,1.3376713e-06,92
Tristan Wirfs,6.341439796461099,3.953397848715493,2.9301420049973568,3.6775957423257326,2.1898003510908763,240.0,11,1.2573043e-06,93
Najee Harris,6.172790330544439,3.3044991107993282,5.007675049502437,4.466535968874445,1.7955714516494712,143.0,10,1.0999651e-06,94
Jerome Ford,6.260341204,2.350556175263605,5.058257918552036,3.816118748375257,2.4373486858261515,161.0,10,1.0795007e-06,95
Kadarius Toney,6.262329127666924,2.350556175263605,5.058257918552036,3.816118748375257,2.438122647317467,165.0,10,1.0365045e-06,96
Diontae Johnson,6.251345620733934,3.737145401792014,2.8122891176169857,4.314529165505539,1.6182851154496745,235.5,20,9.912096e-07,97
Allen Lazard,5.8493661439826985,2.6091374401767893,6.703746631060998,4.408638851743962,1.697663548057926,96.0,11,8.908887e-07,98
Aaron Jones,6.151439648131675,5.017612897562362,1.629144471598666,4.190509273645725,1.849482077448424,140.0,10,7.8592007e-07,99
Gabriel Davis,6.086017732868006,2.620911471217988,2.536869123778477,4.605842589087526,1.5366628423764441,123.0,11,7.453124e-07,100
James Cook,6.087758917545893,2.8199918025182558,5.9994175152082585,4.27415448690762,2.068047587553643,125.0,11,5.3940454e-07,101
Tyler Boyd,6.1226727392552105,2.231988959021026,5.569818984476651,4.133388557870235,1.8585746800658955,131.0,10,4.941488e-07,102
Jake Haener,6.262329127666924,3.1000106155777725,3.1180306484067333,4.438428161186117,1.4978362562283207,165.0,11,4.7621955e-07,103
Matthew Hayball,6.262329127666924,3.1000106155777725,3.1180306484067333,4.438428161186117,1.4978362562283207,165.0,11,4.7621955e-07,104
Jermaine Jackson,6.262329127666924,3.1000106155777725,3.1180306484067333,4.438428161186117,1.4978362562283207,165.0,11,4.7621955e-07,105
Hendon Hooker,6.262329127666924,4.095410238379213,2.040723981900452,4.22827670876128,1.8459518177248022,165.0,10,4.5661128e-07,106
Jalen Reeves-Maybin,6.262329127666924,4.095410238379213,2.040723981900452,4.22827670876128,1.8459518177248022,165.0,10,4.5661128e-07,107
Jalen McMillan,6.406052575520013,3.953397848715493,2.9301420049973568,3.6775957423257326,2.2121121747160295,277.0,11,4.1960467e-07,108
David Moore,6.026346107,1.8711107325840275,4.623640980198356,4.157035017919782,1.5537016879833137,119.0,10,3.883397e-07,109
Wanya Morris,6.242966182457966,3.775615619954671,4.596603761984669,4.040935240187892,1.7884919400636246,155.0,10,3.763243e-07,110
Zach Charbonnet,5.958555817000001,5.4797765715187845,4.418094518745434,4.349022672793165,1.668360835722112,105.0,11,3.7030236e-07,111
Ja'Lynn Polk,5.931982426367696,1.7840265156643689,2.906726082955592,5.096986258027723,1.4141452497223468,103.0,11,3.5734345e-07,112
Samaje Perine,6.247871668,3.775615619954671,4.596603761984669,4.040935240187892,1.7898972690482953,158.0,10,3.3330917e-07,113
Theo Johnson,6.013796541118513,1.9442203616120548,4.859936340167777,4.517553093854926,1.377350279762774,114.0,9,3.094798e-07,114
Jase McClellan,6.262329127666924,4.774798781728786,3.022394130277448,4.210786702806954,1.5583763084038524,165.0,10,2.935301e-07,115
Adam Prentice,6.293691134835384,3.1000106155777725,3.1180306484067333,4.438428161186117,1.5053374830797608,207.0,11,2.7229441e-07,116
Javonte Williams,6.110675064682977,2.510392705803264,5.903161840722111,4.150930403702824,1.8643773927947984,129.0,11,2.6554875e-07,117
Darius Slayton,6.024444598096454,1.9442203616120548,4.859936340167777,4.517553093854926,1.379789022793168,118.0,9,2.6499447e-07,118
Curtis Samuel,6.129122698943149,2.8199918025182558,5.9994175152082585,4.27415448690762,2.0820991079390985,134.0,11,2.397446e-07,119
Kalif Raymond,6.304962658142816,4.095410238379213,2.040723981900452,4.22827670876128,1.8585189379565232,217.0,10,2.384233e-07,120
Jaden Hicks,6.262329127666924,3.775615619954671,4.596603761984669,4.040935240187892,1.7940390582811514,165.0,10,2.3306887e-07,121
British Brooks,6.262329127666924,5.152172894389288,1.571823390410661,4.21003391736275,2.0896462623416854,165.0,11,2.2953974e-07,122
Breece Hall,5.925429541424673,2.6091374401767893,6.703746631060998,4.408638851743962,1.7197394540299393,101.0,11,2.2205613e-07,123
Taylor Decker,6.309820167093448,4.095410238379213,2.040723981900452,4.22827670876128,1.8599507897953889,220.0,10,2.214095e-07,124
Tom Kennedy,6.309820167093448,4.095410238379213,2.040723981900452,4.22827670876128,1.8599507897953889,220.0,10,2.214095e-07,125
Lil'Jordan Humphrey,6.125002101517622,2.510392705803264,5.903161840722111,4.150930403702824,1.8687485961884513,132.0,11,1.9715868e-07,126
Nick Vannett,6.172598270452804,2.231988959021026,5.569818984476651,4.133388557870235,1.8737298797841113,142.0,10,1.8932975e-07,127
Dorian Thompson-Robinson,6.345662461000257,2.350556175263605,5.058257918552036,3.816118748375257,2.4705669476460175,245.0,10,1.8864019e-07,128
AJ Barner,6.0056572040929925,5.4797765715187845,4.418094518745434,4.349022672793165,1.6815489492293905,111.0,11,1.6899845e-07,129
KaVontae Turpin,6.252183931237491,4.519478950811237,4.550681356009225,3.681420228551376,2.255105095730879,159.0,9,1.6601352e-07,130
Kenneth Walker III,6.014035138,5.4797765715187845,4.418094518745434,4.349022672793165,1.683894721718122,115.0,11,1.4647526e-07,131
Aaron Shampklin,6.262329127666924,3.3044991107993282,5.007675049502437,4.466535968874445,1.8216169351410745,165.0,10,1.4519587e-07,132
Jonathan Ward,6.262329127666924,3.3044991107993282,5.007675049502437,4.466535968874445,1.8216169351410745,165.0,10,1.4519587e-07,133
Nick Mullens,6.262329127666924,5.017612897562362,1.629144471598666,4.190509273645725,1.882821932350798,165.0,10,1.4349074e-07,134
Trey Lance,6.262329127666924,4.519478950811237,4.550681356009225,3.681420228551376,2.258764374592099,165.0,9,1.363128e-07,135
Tyreik McAllister,6.262329127666924,3.958205831662952,4.844005510591817,4.073983572657633,1.9436998938506975,165.0,11,1.3511884e-07,136
Dare Ogunbowale,6.298118558553739,5.152172894389288,1.571823390410661,4.21003391736275,2.1015886640929438,212.0,11,1.3175465e-07,137
Craig Reynolds,6.345662461000257,4.095410238379213,2.040723981900452,4.22827670876128,1.8705160517354542,245.0,10,1.282184e-07,138
Cade Stover,6.303786282185552,5.152172894389288,1.571823390410661,4.21003391736275,2.1034798993614907,216.0,11,1.2066643e-07,139
Alexander Mattison,6.269683694683695,3.958205831662952,4.844005510591817,4.073983572657633,1.94598260225075,201.0,11,1.1292596e-07,140
Skyy Moore,6.293691134835383,3.775615619954671,4.596603761984669,4.040935240187892,1.8030236812000795,207.0,10,1.0726655e-07,141
Xavier Weaver,6.309820167093448,2.8556658045283125,4.382799181497349,4.97062438059304,1.3979552288209467,220.0,10,9.2735725e-08,142
DJ Turner,6.280347049978821,3.958205831662952,4.844005510591817,4.073983572657633,1.9492922913390887,204.0,11,8.705919e-08,143
Chuba Hubbard,6.141267942613043,1.8711107325840275,4.623640980198356,4.157035017919782,1.5833306285466413,137.0,10,7.375184e-08,144
Travis Etienne,6.261011903,2.620911471217988,2.536869123778477,4.605842589087526,1.580847241909462,162.0,11,7.35403e-08,145
Justyn Ross,6.309820167093448,3.775615619954671,4.596603761984669,4.040935240187892,1.8076443444155283,220.0,10,7.196785e-08,146
Mo Alie-Cox,6.425153409681712,3.655847593198644,3.890155380512179,4.282501334574622,1.9333176127987899,286.0,11,7.131659e-08,147
Josh Palmer,6.308895771293824,2.7857926791879697,4.519320986293021,4.634406281513321,1.4317240884944902,219.0,10,7.0507916e-08,148
Mason Tipton,6.380755384112049,3.1000106155777725,3.1180306484067333,4.438428161186117,1.5261616822761506,272.0,11,5.6277543e-08,149
C.J. Goodwin,6.309820167093448,4.519478950811237,4.550681356009225,3.681420228551376,2.275893954569168,220.0,9,5.3330904e-08,150
Van Jefferson,6.306379892664129,3.3044991107993282,5.007675049502437,4.466535968874445,1.8344306370840673,218.0,10,5.183907e-08,151
Tutu Atwell,6.2142243486857005,4.460393004568066,4.652511108393461,4.79516261124265,1.4935514583764884,148.0,10,5.0766065e-08,152
Clayton Tune,6.345662461000257,2.8556658045283125,4.382799181497349,4.97062438059304,1.4058961718099348,245.0,10,4.801047e-08,153
DeeJay Dallas,6.345662461000257,2.8556658045283125,4.382799181497349,4.97062438059304,1.4058961718099348,245.0,10,4.801047e-08,154
James Pierre,6.309820167093448,3.3044991107993282,5.007675049502437,4.466535968874445,1.835431360966568,220.0,10,4.7805422e-08,155
Puka Nacua,6.218274459205682,4.460393004568066,4.652511108393461,4.79516261124265,1.4945248780589488,149.0,10,4.6793055e-08,156
J.J. Taylor,6.366865738009986,5.152172894389288,1.571823390410661,4.21003391736275,2.1245285772893046,268.0,11,4.5358494e-08,157
Kyren Williams,6.220017552181277,4.460393004568066,4.652511108393461,4.79516261124265,1.4949438199707472,150.0,10,4.518028e-08,158
Terrace Marshall Jr.,6.309820167093448,3.958205831662952,4.844005510591817,4.073983572657633,1.9584401488597125,220.0,11,4.242206e-08,159
Justin Watson,6.3340528042506135,3.775615619954671,4.596603761984669,4.040935240187892,1.8145865373864716,238.0,10,3.951216e-08,160
Jonathan Taylor,6.450217926855175,3.655847593198644,3.890155380512179,4.282501334574622,1.9408594828263028,306.0,11,3.8377003e-08,161
Darnell Washington,6.321082247832096,3.3044991107993282,5.007675049502437,4.466535968874445,1.8387073300628476,236.0,10,3.6669913e-08,162
Nate Adkins,6.206754309371473,2.510392705803264,5.903161840722111,4.150930403702824,1.893691334350833,147.0,11,3.607235e-08,163
JK Scott,6.345662461000257,2.7857926791879697,4.519320986293021,4.634406281513321,1.4400678236289997,245.0,10,3.2960347e-08,164
Hassan Haskins,6.345662461000257,2.7857926791879697,4.519320986293021,4.634406281513321,1.4400678236289997,245.0,10,3.2960347e-08,165
Kayshon Boutte,6.132220976335401,1.7840265156643689,2.906726082955592,5.096986258027723,1.4618807914260046,136.0,11,2.9971613e-08,166
Keon Coleman,6.232486540636265,2.8199918025182558,5.9994175152082585,4.27415448690762,2.117212414288888,153.0,11,2.9243612e-08,167
Nick Chubb,6.4391370955339315,2.350556175263605,5.058257918552036,3.816118748375257,2.5069595771083253,300.0,10,2.7572566e-08,168
Trey Palmer,6.566922059907452,3.953397848715493,2.9301420049973568,3.6775957423257326,2.2676629746444643,368.0,11,2.6040233e-08,169
Nelson Agholor,6.225303016325536,5.603180071,1.0009372550356157,4.472023313091297,1.617471471186261,152.0,10,2.5694378e-08,170
Brandin Cooks,6.346390909714099,4.519478950811237,4.550681356009225,3.681420228551376,2.289084684231878,256.0,9,2.5648939e-08,171
Trey Sermon,6.467061954137426,3.655847593198644,3.890155380512179,4.282501334574622,1.9459278216796518,316.0,11,2.530553e-08,172
Jake Ferguson,6.348737071564216,4.519478950811237,4.550681356009225,3.681420228551376,2.2899309232090426,259.0,9,2.445759e-08,173
Derek Carr,6.428995794333591,3.1000106155777725,3.1180306484067333,4.438428161186117,1.537699918922125,288.0,11,2.345581e-08,174
Ja'Tavion Sanders,6.2225165179425685,1.8711107325840275,4.623640980198356,4.157035017919782,1.6042779897208181,151.0,10,2.264362e-08,175
Deebo Samuel,5.971652109494472,4.811793063914677,5.695988214310297,3.9908688972334105,1.7558413324026105,108.0,10,2.2133598e-08,176
Dameon Pierce,6.417367146295934,5.152172894389288,1.571823390410661,4.21003391736275,2.1413801475229444,281.0,11,2.0723382e-08,177
Zach Frazier,6.346391187291978,3.3044991107993282,5.007675049502437,4.466535968874445,1.846069318245443,257.0,10,2.0146992e-08,178
Chris Olave,6.439357065559135,3.1000106155777725,3.1180306484067333,4.438428161186117,1.54017814825198,301.0,11,1.9436317e-08,179
Tyler Smith,6.3608519131251935,4.519478950811237,4.550681356009225,3.681420228551376,2.2943006348245674,263.0,9,1.9131665e-08,180
Aidan O'Connell,6.345662461000258,3.958205831662952,4.844005510591817,4.073983572657633,1.9695648696212331,245.0,11,1.767359e-08,181
Dylan Laube,6.345662461000258,3.958205831662952,4.844005510591817,4.073983572657633,1.9695648696212331,245.0,11,1.767359e-08,182
John Metchie,6.428031415067324,5.152172894389288,1.571823390410661,4.21003391736275,2.1449386556865573,287.0,11,1.7563902e-08,183
Steven Sims,6.428995794333591,5.152172894389288,1.571823390410661,4.21003391736275,2.145260454754371,288.0,11,1.7303147e-08,184
Christian Kirk,6.357939431944302,2.620911471217988,2.536869123778477,4.605842589087526,1.6053205409483313,262.0,11,1.7259046e-08,185
Will Shipley,6.262329127666924,2.297559176741445,5.4569544323642685,3.859228720969319,1.7251997702540127,165.0,9,1.6792328e-08,186
Kenny Pickett,6.262329127666924,2.297559176741445,5.4569544323642685,3.859228720969319,1.7251997702540127,165.0,9,1.6792328e-08,187
Mitchell Trubisky,6.262329127666924,2.8199918025182558,5.9994175152082585,4.27415448690762,2.127350116985338,165.0,11,1.5628663e-08,188
Marvin Mims,6.246584194000506,2.510392705803264,5.903161840722111,4.150930403702824,1.9058435001384024,157.0,11,1.5619158e-08,189
Josh Johnson,6.262329127666924,5.603180071,1.0009372550356157,4.472023313091297,1.6270916742143402,165.0,10,1.46327075e-08,190
Mike Boone,6.262329127666924,1.8711107325840275,4.623640980198356,4.157035017919782,1.6145424050095987,165.0,10,1.2332366e-08,191
Andrew Ogletree,6.498133431264898,3.655847593198644,3.890155380512179,4.282501334574622,1.9552771757189071,333.0,11,1.1738149e-08,192
Josh Jacobs,6.259837565622715,4.075020768,5.445662764611655,3.368391987485526,2.3413321307654256,160.0,11,1.1458911e-08,193
Jarrett Stidham,6.262329127666924,2.510392705803264,5.903161840722111,4.150930403702824,1.9106473062983624,165.0,11,1.1124209e-08,194
Miles Sanders,6.269166342239988,1.8711107325840275,4.623640980198356,4.157035017919782,1.616305163343649,200.0,10,1.1099539e-08,195
Malik Willis,6.262329127666924,4.075020768,5.445662764611655,3.368391987485526,2.3422640358202695,165.0,11,1.0907424e-08,196
James Conner,6.415652420092469,2.8556658045283125,4.382799181497349,4.97062438059304,1.4214026088634804,280.0,10,1.0483906e-08,197
Kendre Miller,6.472497181992008,3.1000106155777725,3.1180306484067333,4.438428161186117,1.5481046668062766,320.0,11,1.0455849e-08,198
Allen Robinson,6.511010896558675,4.095410238379213,2.040723981900452,4.22827670876128,1.9192559437076806,341.0,10,1.0315347e-08,199
Emanuel Wilson,6.272455850806429,4.075020768,5.445662764611655,3.368391987485526,2.346051677594889,203.0,11,8.925961e-09,200
Cam Akers,6.458569003533355,5.0880967054240855,1.5991191433573302,4.200736467973691,2.0533500450156015,310.6666666666667,21,8.744957e-09,201
Parker Washington,6.402839186058906,2.620911471217988,2.536869123778477,4.605842589087526,1.6166573110348095,276.0,11,8.722219e-09,202
Chris Manhertz,6.262315080960851,1.9442203616120548,4.859936340167777,4.517553093854926,1.434268913139659,164.0,9,8.273181e-09,203
Tommy DeVito,6.262329127666924,1.9442203616120548,4.859936340167777,4.517553093854926,1.434272130281178,165.0,9,8.271478e-09,204
Joe Flacco,6.512329127666924,3.655847593198644,3.890155380512179,4.282501334574622,1.959548636356322,343.0,11,8.2637825e-09,205
Travis Homer,6.262329127666924,2.310023613821338,6.031291119767494,3.7291422700053363,1.9808639224707727,165.0,9,7.2641786e-09,206
Tyson Bagent,6.262329127666924,2.310023613821338,6.031291119767494,3.7291422700053363,1.9808639224707727,165.0,9,7.2641786e-09,207
Feleipe Franks,6.301755650964416,1.8711107325840275,4.623640980198356,4.157035017919782,1.6247072801619868,214.0,10,6.7186896e-09,208
David Montgomery,6.539212707185927,4.095410238379213,2.040723981900452,4.22827670876128,1.9275690142051236,361.0,10,6.7113635e-09,209
Christian Watson,6.289223864832508,4.075020768,5.445662764611655,3.368391987485526,2.352323324358375,206.0,11,6.404528e-09,210
Gus Edwards,6.422827155909931,2.7857926791879697,4.519320986293021,4.634406281513321,1.4575793750142991,284.0,10,6.2369256e-09,211
Patrick Ricard,6.320922601184318,5.603180071,1.0009372550356157,4.472023313091297,1.6423155551346595,235.0,10,6.003418e-09,212
Jordan Matthews,6.309820167093448,1.8711107325840275,4.623640980198356,4.157035017919782,1.62678645917043,220.0,10,5.933816e-09,213
Sam Franklin,6.309820167093448,1.8711107325840275,4.623640980198356,4.157035017919782,1.62678645917043,220.0,10,5.933816e-09,214
Stephen Sullivan,6.309820167093448,1.8711107325840275,4.623640980198356,4.157035017919782,1.62678645917043,220.0,10,5.933816e-09,215
Kareem Hunt,6.41110569050922,3.775615619954671,4.596603761984669,4.040935240187892,1.8366607345384227,279.0,10,5.8709415e-09,216
Jameis Winston,6.512329127666925,2.350556175263605,5.058257918552036,3.816118748375257,2.5354555484428327,343.0,10,5.8498824e-09,217
Mac Jones,6.428995794333591,2.620911471217988,2.536869123778477,4.605842589087526,1.6232616112139733,288.0,11,5.8430243e-09,218
Terrell Jennings,6.262329127666924,1.7840265156643689,2.906726082955592,5.096986258027723,1.4928977113945452,165.0,11,5.7822476e-09,219
Rashid Shaheed,6.504625589519076,3.1000106155777725,3.1180306484067333,4.438428161186117,1.5557892027715399,338.0,11,5.7262737e-09,220
Khalil Herbert,6.36263253624575,4.274217966987025,4.855248754819886,4.209037444090481,1.8905409107472726,239.8421052631579,19,5.233559e-09,221
Spencer Rattler,6.512329127666924,3.1000106155777725,3.1180306484067333,4.438428161186117,1.5576317502726569,343.0,11,4.955715e-09,222
Andrew Beck,6.309820167093448,4.075020768,5.445662764611655,3.368391987485526,2.3600268444182757,220.0,11,4.2533763e-09,223
JC Latham,6.3608519131251935,2.231988959021026,5.569818984476651,4.133388557870235,1.9308754220336286,263.0,10,4.125062e-09,224
Jamycal Hasty,6.296979387472388,1.7840265156643689,2.906726082955592,5.096986258027723,1.5011581033705577,211.0,11,3.5106174e-09,225
Xavier Hutchinson,6.532563884639358,5.152172894389288,1.571823390410661,4.21003391736275,2.179819588943023,354.0,11,3.4709617e-09,226
Bryce Young,6.345662461000257,1.8711107325840275,4.623640980198356,4.157035017919782,1.6360272547635097,245.0,10,3.4162566e-09,227
Ryan Miller,6.666637179339554,3.953397848715493,2.9301420049973568,3.6775957423257326,2.302096196523088,428.0,11,3.357255e-09,228
Tyler Johnson,6.343102100013239,4.460393004568066,4.652511108393461,4.79516261124265,1.5245264509796834,242.0,10,3.2287575e-09,229
Luke Farrell,6.472134482,2.620911471217988,2.536869123778477,4.605842589087526,1.6341537284831384,319.0,11,2.9847573e-09,230
Javon Baker,6.309820167093448,1.7840265156643689,2.906726082955592,5.096986258027723,1.5042192600292723,220.0,11,2.9107483e-09,231
Russell Wilson,6.4289957943335905,3.3044991107993282,5.007675049502437,4.466535968874445,1.8700977504843188,288.0,10,2.6556604e-09,232
Emari Demercado,6.477987447494447,2.8556658045283125,4.382799181497349,4.97062438059304,1.4352130781300607,325.0,10,2.560533e-09,233
Isaiah Williams,6.606209957457675,4.095410238379213,2.040723981900452,4.22827670876128,1.947317847821889,395.0,10,2.2958422e-09,234
Desmond Ridder,6.428995794333591,3.958205831662952,4.844005510591817,4.073983572657633,1.995429845391769,288.0,11,2.2805102e-09,235
Ben VanSumeren,6.3608519131251935,2.297559176741445,5.4569544323642685,3.859228720969319,1.7523416662960616,263.0,9,2.164277e-09,236
Ronnie Rivers,6.3608519131251935,4.460393004568066,4.652511108393461,4.79516261124265,1.528792511837992,263.0,10,2.164182e-09,237
James Proche,6.557809137999999,2.350556175263605,5.058257918552036,3.816118748375257,2.5531623538542343,366.0,10,2.0744568e-09,238
Johnny Wilson,6.365199531797219,2.297559176741445,5.4569544323642685,3.859228720969319,1.7535393852993282,267.0,9,1.9761937e-09,239
Connor Heyward,6.441375246247432,3.3044991107993282,5.007675049502437,4.466535968874445,1.8736987460234211,302.0,10,1.9559327e-09,240
Devaughn Vele,6.343326814370636,2.510392705803264,5.903161840722111,4.150930403702824,1.935359838747246,243.0,11,1.935839e-09,241
Zay Jones,6.491914433344744,2.8556658045283125,4.382799181497349,4.97062438059304,1.4382986340057529,330.0,10,1.8543742e-09,242
Rhamondre Stevenson,6.342440128188759,1.7840265156643689,2.906726082955592,5.096986258027723,1.51199564226568,241.0,11,1.8083212e-09,243
Jamaal Williams,6.566997598850917,3.1000106155777725,3.1180306484067333,4.438428161186117,1.5707074632450384,369.0,11,1.7405752e-09,244
Kenny McIntosh,6.262329127666924,5.4797765715187845,4.418094518745434,4.349022672793165,1.7534155891345724,165.0,11,1.7113951e-09,245
Sincere McCormick,6.444230461223765,3.958205831662952,4.844005510591817,4.073983572657633,2.000158376836381,303.0,11,1.5657745e-09,246
Ty Johnson,6.368351993918032,2.8199918025182558,5.9994175152082585,4.27415448690762,2.163366709539894,269.0,11,1.5430939e-09,247
Trevor Lawrence,6.514150943396228,2.620911471217988,2.536869123778477,4.605842589087526,1.6447624939191974,348.0,11,1.4822873e-09,248
Robert Woods,6.5896722585553995,5.152172894389288,1.571823390410661,4.21003391736275,2.1988758055017095,382.0,11,1.4313487e-09,249
Jake Browning,6.262329127666924,6.041992884836143,3.7968106263670394,4.640943100767112,1.7489681455751558,165.0,10,1.3699037e-09,250
Tim Patrick,6.6375192691169556,4.095410238379213,2.040723981900452,4.22827670876128,1.9565469189983795,416.0,10,1.3688198e-09,251
Jaylen Warren,6.459981231557616,3.3044991107993282,5.007675049502437,4.466535968874445,1.879110946035194,314.0,10,1.2351854e-09,252
K.J. Osborn,6.379297057720674,1.7840265156643689,2.906726082955592,5.096986258027723,1.5207820897919029,271.0,11,1.0560747e-09,253
Tyler Allgeier,6.533310282719898,4.774798781728786,3.022394130277448,4.210786702806954,1.62580978287161,357.0,10,9.898752e-10,254
Andy Dalton,6.4289957943335905,1.8711107325840275,4.623640980198356,4.157035017919782,1.6575121045174215,288.0,10,9.088059e-10,255
Jaheim Bell,6.394089700516968,1.7840265156643689,2.906726082955592,5.096986258027723,1.5243085577228592,275.0,11,8.510339e-10,256
Bo Nix,6.381490708200994,2.510392705803264,5.903161840722111,4.150930403702824,1.947003707898392,273.0,11,8.4185736e-10,257
Brevin Jordan,6.631841401439697,5.152172894389288,1.571823390410661,4.21003391736275,2.2129470224721253,409.0,11,7.4417744e-10,258
Dareke Young,6.309820167093448,5.4797765715187845,4.418094518745434,4.349022672793165,1.7667128028235817,220.0,11,7.195914e-10,259
Vederian Lowe,6.408539759687053,1.7840265156643689,2.906726082955592,5.096986258027723,1.5277533558911367,278.0,11,6.845532e-10,260
Kylen Granson,6.615209579634411,3.655847593198644,3.890155380512179,4.282501334574622,1.9905051874471047,400.0,11,6.4944844e-10,261
Ian Thomas,6.452757167218519,1.8711107325840275,4.623640980198356,4.157035017919782,1.6636382188339731,308.0,10,6.212158e-10,262
Jonathan Mingo,6.561606757568252,3.1256009412179693,4.589081158214031,3.9317438019031683,2.010153001855668,370.05263157894734,19,5.6222443e-10,263
Josh Whyle,6.457813968650852,2.231988959021026,5.569818984476651,4.133388557870235,1.9603088458195383,311.0,10,5.4687577e-10,264
Trent Sherfield,6.622749295716429,5.017612897562362,1.629144471598666,4.190509273645725,1.9911852877838352,406.0,10,5.2729937e-10,265
Will Mallory,6.624930630134525,3.655847593198644,3.890155380512179,4.282501334574622,1.9934302348269306,407.0,11,5.1070387e-10,266
Derrick Henry,6.481827465302814,5.603180071,1.0009372550356157,4.472023313091297,1.6841221992310291,327.0,10,5.056617e-10,267
Marcus Jones,6.428995794333591,1.7840265156643689,2.906726082955592,5.096986258027723,1.5326299387924467,288.0,11,4.928498e-10,268
Eric Tomlinson,6.532964301576596,2.7857926791879697,4.519320986293021,4.634406281513321,1.482573607001215,356.0,10,4.89736e-10,269
Mecole Hardman,6.518752116606651,3.775615619954671,4.596603761984669,4.040935240187892,1.8674994032042385,351.0,10,4.0865075e-10,270
Tyjae Spears,6.473953835584998,2.231988959021026,5.569818984476651,4.133388557870235,1.9652082009200171,322.0,10,3.9007486e-10,271
Cedrick Wilson Jr.,6.645956878135819,3.1000106155777725,3.1180306484067333,4.438428161186117,1.5895930996844285,422.0,11,3.7711997e-10,272
Ty Chandler,6.651558814705497,5.017612897562362,1.629144471598666,4.190509273645725,1.999847112019922,424.0,10,3.362425e-10,273
Devin Duvernay,6.603283807675165,2.620911471217988,2.536869123778477,4.605842589087526,1.6672677126983546,393.0,11,3.3353104e-10,274
Ezekiel Elliott,6.543242116562262,4.519478950811237,4.550681356009225,3.681420228551376,2.3600870994828593,363.0,9,3.3235747e-10,275
Parris Campbell,6.450519766387082,2.297559176741445,5.4569544323642685,3.859228720969319,1.7770441302968196,307.0,9,3.285781e-10,276
Kendrick Bourne,6.455684816664732,1.7840265156643689,2.906726082955592,5.096986258027723,1.538992424625438,310.0,11,3.205488e-10,277
Drew Sample,6.34649798,6.041992884836143,3.7968106263670394,4.640943100767112,1.7724751568451236,258.0,10,3.192029e-10,278
Tyrod Taylor,6.262329127666924,2.6091374401767893,6.703746631060998,4.408638851743962,1.81751793683135,165.0,11,2.9092814e-10,279
D'Ernest Johnson,6.614973539316205,2.620911471217988,2.536869123778477,4.605842589087526,1.670219261155588,399.0,11,2.7426983e-10,280
Gerald Everett,6.418527130295237,2.310023613821338,6.031291119767494,3.7291422700053363,2.030271576054718,282.0,9,2.7035987e-10,281
Josiah Deguara,6.6223977337915265,2.620911471217988,2.536869123778477,4.605842589087526,1.6720938011726483,405.0,11,2.422261e-10,282
C.J. Ham,6.673193173174913,5.017612897562362,1.629144471598666,4.190509273645725,2.0063516638867434,431.0,10,2.3983554e-10,283
Malik Heath,6.454607734452531,4.075020768,5.445662764611655,3.368391987485526,2.414180930692791,309.0,11,2.044976e-10,284
Brandon Powell,6.685007570826196,5.017612897562362,1.629144471598666,4.190509273645725,2.0099037619259184,439.0,10,1.994254e-10,285
Bub Means,6.68046631105365,3.1000106155777725,3.1180306484067333,4.438428161186117,1.597847134063987,436.0,11,1.8974217e-10,286
Marcedes Lewis,6.435392004037774,2.310023613821338,6.031291119767494,3.7291422700053363,2.035606175893303,298.0,9,1.8824654e-10,287
Sean Tucker,6.790994025,3.953397848715493,2.9301420049973568,3.6775957423257326,2.345038599556592,482.0,11,1.8030681e-10,288
Michael Mayer,6.532680601216816,3.958205831662952,4.844005510591817,4.073983572657633,2.0276115056054564,355.0,11,1.7607157e-10,289
C.J. Stroud,6.726486833760115,5.152172894389288,1.571823390410661,4.21003391736275,2.2445287981760176,459.0,11,1.7143806e-10,290
Dominick Puni,6.263422217104505,4.811793063914677,5.695988214310297,3.9908688972334105,1.8416303242652403,199.0,10,1.7106211e-10,291
Jalin Hyatt,6.508175451775573,1.9442203616120548,4.859936340167777,4.517553093854926,1.490578741467492,340.0,9,1.5842762e-10,292
Cam Grandy,6.38751858,6.041992884836143,3.7968106263670394,4.640943100767112,1.7839315528251831,274.0,10,1.4840067e-10,293
Drew Lock,6.512329127666924,1.9442203616120548,4.859936340167777,4.517553093854926,1.4915300650304302,343.0,9,1.4750778e-10,294
Ainias Smith,6.490260571413949,2.297559176741445,5.4569544323642685,3.859228720969319,1.7879922657748726,329.0,9,1.4188796e-10,295
Braelon Allen,6.2988120796550495,2.6091374401767893,6.703746631060998,4.408638851743962,1.8281063965362265,213.0,11,1.3442934e-10,296
Jalen Brooks,6.581205795396301,4.519478950811237,4.550681356009225,3.681420228551376,2.373780248386624,376.0,9,1.2964291e-10,297
Juanyeh Thomas,6.581616682763974,4.519478950811237,4.550681356009225,3.681420228551376,2.3739284516325565,377.0,9,1.2832917e-10,298
Jody Fortson,6.566999597632586,3.775615619954671,4.596603761984669,4.040935240187892,1.8813213955521904,370.0,10,1.2372926e-10,299
Deshaun Watson,6.6789957943335905,2.350556175263605,5.058257918552036,3.816118748375257,2.600344149150712,432.0,10,1.2248853e-10,300
Tyler Badie,6.4694647847569335,2.510392705803264,5.903161840722111,4.150930403702824,1.9738447488221416,317.0,11,1.1931812e-10,301
Charlie Woerner,6.634643447899687,4.774798781728786,3.022394130277448,4.210786702806954,1.6510264715916854,411.0,10,1.1670784e-10,302
Tip Reiman,6.606100799956552,2.8556658045283125,4.382799181497349,4.97062438059304,1.4635968872107366,394.0,10,1.1667267e-10,303
Ross Dwelley,6.635864478947255,4.774798781728786,3.022394130277448,4.210786702806954,1.6513303243304196,413.0,10,1.1372935e-10,304
Irvin Charles,6.309820167093448,2.6091374401767893,6.703746631060998,4.408638851743962,1.8313012775400217,220.0,11,1.0626775e-10,305
DeAndre Hopkins,6.5644758268632275,3.003802289487848,5.08321137323066,4.087161899029065,1.938418513661924,370.0,20,1.04264035e-10,306
Dak Prescott,6.595662461000257,4.519478950811237,4.550681356009225,3.681420228551376,2.3789946343722757,384.0,9,9.059619e-11,307
Tim Boyle,6.262329127666924,3.276818892526985,6.348605327751904,5.062442194252705,1.3094086562851701,165.0,10,8.610324e-11,308
Josh Allen,6.502424933,2.8199918025182558,5.9994175152082585,4.27415448690762,2.208912077203377,336.0,11,7.6628565e-11,309
John FitzPatrick,6.500731153290496,4.075020768,5.445662764611655,3.368391987485526,2.4314322157898887,334.0,11,7.633754e-11,310
Scott Matlock,6.609888687052411,2.7857926791879697,4.519320986293021,4.634406281513321,1.5000306232003862,397.0,10,7.386014e-11,311
Pierre Strong,6.700147244018211,2.350556175263605,5.058257918552036,3.816118748375257,2.608579076994224,442.0,10,7.340987e-11,312
Davis Allen,6.507535247620457,4.460393004568066,4.652511108393461,4.79516261124265,1.5640469693305592,339.0,10,6.9671886e-11,313
Xavier Smith,6.512744075263856,4.460393004568066,4.652511108393461,4.79516261124265,1.5652988797358698,347.0,10,6.136151e-11,314
Jaelon Darden,6.709105985822359,2.350556175263605,5.058257918552036,3.816118748375257,2.6120669983152602,447.0,10,5.90991e-11,315
Jeremy Ruckert,6.337749721724159,2.6091374401767893,6.703746631060998,4.408638851743962,1.8394072817575946,239.0,11,5.8012754e-11,316
Kenneth Gainwell,6.533774041844644,2.297559176741445,5.4569544323642685,3.859228720969319,1.7999797272536584,358.0,9,5.4985853e-11,317
Deuce Vaughn,6.617641780986273,4.519478950811237,4.550681356009225,3.681420228551376,2.3869223724308957,403.0,9,5.2538966e-11,318
Braxton Berrios,6.285626618706351,3.276818892526985,6.348605327751904,5.062442194252705,1.31427999658973,205.0,10,5.167236e-11,319
Jordan Mims,6.746640450118844,3.1000106155777725,3.1180306484067333,4.438428161186117,1.6136747954174344,462.0,11,4.9317394e-11,320
Tyrone Tracy,6.579219244024478,1.9442203616120548,4.859936340167777,4.517553093854926,1.506850024701513,374.0,9,4.4936478e-11,321
Tanner Hudson,6.449926547309384,6.041992884836143,3.7968106263670394,4.640943100767112,1.8013610978059866,305.0,10,4.360929e-11,322
Quintin Morris,6.527906593697829,2.8199918025182558,5.9994175152082585,4.27415448690762,2.2175683475535,352.0,11,4.29205e-11,323
Jahan Dotson,6.549897511196964,2.297559176741445,5.4569544323642685,3.859228720969319,1.8044215579293603,364.0,9,3.852487e-11,324
Tucker Fisk,6.636765426847594,2.7857926791879697,4.519320986293021,4.634406281513321,1.506129959309258,415.0,10,3.777757e-11,325
Jake Brendel,6.344933734708537,4.811793063914677,5.695988214310297,3.9908688972334105,1.8655971074667725,244.0,10,3.7656853e-11,326
Erik Ezukanma,6.301755650964416,3.276818892526985,6.348605327751904,5.062442194252705,1.3176524629716877,214.0,10,3.6185173e-11,327
Derius Davis,6.640020547893341,2.7857926791879697,4.519320986293021,4.634406281513321,1.5068686678536864,418.0,10,3.4831277e-11,328
Jacoby Brissett,6.595662461000258,1.7840265156643689,2.906726082955592,5.096986258027723,1.5723621662356835,384.0,11,3.2940626e-11,329
Devin Singletary,6.595094861838623,1.9442203616120548,4.859936340167777,4.517553093854926,1.5104860450571387,383.0,9,3.291431e-11,330
Daniel Jones,6.595662461000257,1.9442203616120548,4.859936340167777,4.517553093854926,1.510616043280181,384.0,9,3.2524147e-11,331
Trenton Irwin,6.473307467975756,6.041992884836143,3.7968106263670394,4.640943100767112,1.8078910141717568,321.0,10,2.6897205e-11,332
Mason Rudolph,6.595662461000257,2.231988959021026,5.569818984476651,4.133388557870235,2.0021535970200124,384.0,10,2.6585921e-11,333
Antonio Gibson,6.618118284792052,1.7840265156643689,2.906726082955592,5.096986258027723,1.5777154856256084,404.0,11,2.261264e-11,334
Mike Caliendo,6.635864478947255,3.775615619954671,4.596603761984669,4.040935240187892,1.90104988383566,413.0,10,2.2483104e-11,335
Geoff Swaim,6.749077052445889,2.350556175263605,5.058257918552036,3.816118748375257,2.627628997817939,463.0,10,2.2460001e-11,336
Amari Cooper,6.647344384608535,2.5964510276350885,5.551246278705295,4.056042230463638,2.4044322768618813,346.6666666666667,21,2.2179883e-11,337
Patrick Mahomes,6.637900964611251,3.775615619954671,4.596603761984669,4.040935240187892,1.9016332985282378,417.0,10,2.1376942e-11,338
Roschon Johnson,6.535877243211388,2.310023613821338,6.031291119767494,3.7291422700053363,2.0673910886569056,360.0,9,2.0205183e-11,339
Brevyn Spann-Ford,6.657868275196333,4.519478950811237,4.550681356009225,3.681420228551376,2.401431697940428,426.0,9,1.938235e-11,340
Deven Thompkins,6.655362021007183,1.8711107325840275,4.623640980198356,4.157035017919782,1.7158734369507247,425.0,10,1.8853285e-11,341
Jack Stoll,6.584217913679265,2.297559176741445,5.4569544323642685,3.859228720969319,1.8138764347438467,379.0,9,1.8065507e-11,342
Chris Brooks,6.569836618202412,4.075020768,5.445662764611655,3.368391987485526,2.457279347398911,372.0,11,1.7097847e-11,343
Sam Darnold,6.845662461000257,5.017612897562362,1.629144471598666,4.190509273645725,2.0582060061578487,492.0,10,1.4741151e-11,344
Jake Bailey,6.345662461000257,3.276818892526985,6.348605327751904,5.062442194252705,1.3268330659471106,245.0,10,1.3668747e-11,345
Tyler Huntley,6.345662461000257,3.276818892526985,6.348605327751904,5.062442194252705,1.3268330659471106,245.0,10,1.3668747e-11,346
Erick All,6.511067559603774,6.041992884836143,3.7968106263670394,4.640943100767112,1.818436802501187,342.0,10,1.212049e-11,347
Dante Pettis,6.816596852917607,3.1000106155777725,3.1180306484067333,4.438428161186117,1.6304071060851006,489.0,11,1.1868389e-11,348
Ramel Keyton,6.642266678468747,3.958205831662952,4.844005510591817,4.073983572657633,2.0616248003843296,419.0,11,1.1551543e-11,349
Charlie Kolar,6.725230841256405,5.603180071,1.0009372550356157,4.472023313091297,1.74736378202976,458.0,10,1.1104816e-11,350
Zack Moss,6.518110808868569,6.041992884836143,3.7968106263670394,4.640943100767112,1.8204038691091635,350.0,10,1.0445946e-11,351
Jordan Whittington,6.586068581841557,4.460393004568066,4.652511108393461,4.79516261124265,1.5829219840183164,381.0,10,1.0281525e-11,352
Jordan Love,6.595662461000258,4.075020768,5.445662764611655,3.368391987485526,2.466938843338352,384.0,11,9.724073e-12,353
Hayden Hurst,6.69606420175501,2.7857926791879697,4.519320986293021,4.634406281513321,1.5195870661518633,441.0,10,8.606116e-12,354
Cordarrelle Patterson,6.661794291030445,3.3044991107993282,5.007675049502437,4.466535968874445,1.9378153161350915,427.0,10,8.44291e-12,355
Drake Maye,6.678995794333591,1.7840265156643689,2.906726082955592,5.096986258027723,1.592228279917255,432.0,11,7.89737e-12,356
Julius Chestnut,6.647924355970614,2.231988959021026,5.569818984476651,4.133388557870235,2.018018014282279,423.0,10,7.885389e-12,357
JuJu Smith-Schuster,6.680441551488417,3.775615619954671,4.596603761984669,4.040935240187892,1.9138203735161183,435.0,10,7.451383e-12,358
Brandon Allen,6.4289957943335905,4.811793063914677,5.695988214310297,3.9908688972334105,1.890313825126352,288.0,10,7.0761474e-12,359
Grant Calcaterra,6.635358228413615,2.297559176741445,5.4569544323642685,3.859228720969319,1.827965004262636,412.0,9,5.8915837e-12,360
Hunter Luepke,6.706513635189837,4.519478950811237,4.550681356009225,3.681420228551376,2.418977630799125,445.0,9,5.7991485e-12,361
Chris Conley,6.4387851415453365,4.811793063914677,5.695988214310297,3.9908688972334105,1.8931921810546382,299.0,10,5.7988605e-12,362
Caleb Williams,6.595662461000257,2.310023613821338,6.031291119767494,3.7291422700053363,2.086302004803395,384.0,9,5.0603653e-12,363
Greg Dulcich,6.609578582147054,2.510392705803264,5.903161840722111,4.150930403702824,2.016593707571812,396.0,11,5.038109e-12,364
Blake Whiteheart,6.810996069139708,2.350556175263605,5.058257918552036,3.816118748375257,2.651736027937278,487.0,10,5.0179314e-12,365
Jalen Coker,6.729001845109576,1.8711107325840275,4.623640980198356,4.157035017919782,1.7348591235848487,461.0,10,5.0062875e-12,366
Britain Covey,6.645833456706859,2.297559176741445,5.4569544323642685,3.859228720969319,1.83085080934086,421.0,9,4.6850297e-12,367
Michael Burton,6.614347418020577,2.510392705803264,5.903161840722111,4.150930403702824,2.0180486875816075,398.0,11,4.5022415e-12,368
Jake Bobo,6.567052987689019,5.4797765715187845,4.418094518745434,4.349022672793165,1.8387364905702894,371.0,11,4.4226276e-12,369
Luke Musgrave,6.632485664518531,4.075020768,5.445662764611655,1.629144471598666,4.071146408525775,410.0,1,3.885819e-12,370
Carson Steele,6.710722245591387,3.775615619954671,4.596603761984669,4.040935240187892,1.9224952206164982,448.0,10,3.5191396e-12,371
DeAndre Carter,6.616156714927257,2.310023613821338,6.031291119767494,3.7291422700053363,2.092784629302097,401.0,9,3.1454039e-12,372
Jared Goff,6.98983660735639,4.095410238379213,2.040723981900452,4.22827670876128,2.060399785431904,518.0,10,3.1191289e-12,373
Dan Chisena,6.76797391,1.8711107325840275,4.623640980198356,4.157035017919782,1.744906831227309,476.0,10,2.3688794e-12,374
Skylar Thompson,6.4289957943335905,3.276818892526985,6.348605327751904,5.062442194252705,1.344257475540464,288.0,10,2.1571603e-12,375
Tommy Tremble,6.778204856451966,1.8711107325840275,4.623640980198356,4.157035017919782,1.747544555315087,481.0,10,1.9211304e-12,376
Zamir White,6.716175305816207,3.958205831662952,4.844005510591817,4.073983572657633,2.0845645386672746,450.0,11,1.8218896e-12,377
Harrison Bryant,6.718704579285832,3.958205831662952,4.844005510591817,4.073983572657633,2.0853495738313814,452.0,11,1.7102766e-12,378
MarShawn Lloyd,6.6718971884674865,4.075020768,5.445662764611655,3.368391987485526,2.495452493257863,430.0,11,1.6784961e-12,379
Justin Herbert,6.762329127666925,2.7857926791879697,4.519320986293021,4.634406281513321,1.534625052843936,468.0,10,1.6478184e-12,380
Treylon Burks,6.719404885278287,2.231988959021026,5.569818984476651,4.133388557870235,2.039716365178203,453.0,10,1.483954e-12,381
Pharaoh Brown,6.616903707028478,5.4797765715187845,4.418094518745434,4.349022672793165,1.8526944008996984,402.0,11,1.4737882e-12,382
Jared Wiley,6.750020448672305,3.775615619954671,4.596603761984669,4.040935240187892,1.9337534138442662,464.0,10,1.3243045e-12,383
Xavier Gipson,6.514926979443109,2.6091374401767893,6.703746631060998,4.408638851743962,1.890829498240663,349.0,11,1.2277799e-12,384
Durham Smythe,6.460487745810326,3.276818892526985,6.348605327751904,5.062442194252705,1.3508422194952305,315.0,10,1.0794482e-12,385
Adam Thielen,6.807878136441739,1.8711107325840275,4.623640980198356,4.157035017919782,1.7551948668526645,486.0,10,1.002444e-12,386
Audric Estime,6.6809494526262645,2.510392705803264,5.903161840722111,4.150930403702824,2.038369082008105,437.0,11,9.361627e-13,387
Ray Davis,6.68949475,2.8199918025182558,5.9994175152082585,4.27415448690762,2.2724607968777595,440.0,11,9.162277e-13,388
Kyle Juszczyk,6.5296360389604455,4.811793063914677,5.695988214310297,3.9908688972334105,1.9199050166396543,353.0,10,9.140841e-13,389
Tim Jones,6.94148668,2.620911471217988,2.536869123778477,4.605842589087526,1.7526607906430172,508.0,11,8.058875e-13,390
Isaiah Hodgins,6.770306324,1.9442203616120548,4.859936340167777,4.517553093854926,1.5506150309422873,477.0,9,7.578197e-13,391
Kristian Wilkerson,6.751821472999999,3.958205831662952,4.844005510591817,4.073983572657633,2.095628385759235,465.0,11,7.4778893e-13,392
Myles Gaskin,6.991665721455739,5.017612897562362,1.629144471598666,4.190509273645725,2.1021031145431675,519.0,10,7.128719e-13,393
Justin Fields,6.762329127666925,3.3044991107993282,5.007675049502437,4.466535968874445,1.9670593813260617,468.0,10,7.044659e-13,394
MyCole Pruitt,6.7631343755719895,3.3044991107993282,5.007675049502437,4.466535968874445,1.9672936157662189,474.0,10,6.905913e-13,395
Tank Bigsby,6.954183370397614,2.620911471217988,2.536869123778477,4.605842589087526,1.7558665868898744,513.0,11,6.317225e-13,396
Gardner Minshew II,6.762329127666924,3.958205831662952,4.844005510591817,4.073983572657633,2.0988897484739115,468.0,11,5.7518107e-13,397
Lucas Krull,6.701294898498185,2.510392705803264,5.903161840722111,4.150930403702824,2.04457651221489,443.0,11,5.7277365e-13,398
Will Levis,6.762329127666925,2.231988959021026,5.569818984476651,4.133388557870235,2.052746280965992,468.0,10,5.395293e-13,399
Hunter Long,6.705718261083447,4.460393004568066,4.652511108393461,4.79516261124265,1.6116790650142403,444.0,10,5.3446245e-13,400
John Samuel Shenker,6.767127366911297,3.958205831662952,4.844005510591817,4.073983572657633,2.100379024572769,475.0,11,5.102221e-13,401
Tyquan Thornton,6.834615753480634,1.7840265156643689,2.906726082955592,5.096986258027723,1.629327045626527,491.0,11,4.969922e-13,402
Odell Beckham Jr.,6.498129370131805,3.276818892526985,6.348605327751904,5.062442194252705,1.3587128164755913,332.0,10,4.6539086e-13,403
Lamar Jackson,6.9289957943335905,5.603180071,1.0009372550356157,4.472023313091297,1.800306425578532,506.0,10,4.3016342e-13,404
D'Onta Foreman,6.912836438299007,2.350556175263605,5.058257918552036,3.816118748375257,2.6913857022663743,503.0,10,4.2656276e-13,405
Jaylen Wright,6.502327487908741,3.276818892526985,6.348605327751904,5.062442194252705,1.3595906131619446,335.0,10,4.2324401e-13,406
Zach Davidson,6.721751744788873,2.8199918025182558,5.9994175152082585,4.27415448690762,2.2834186879480693,454.0,11,4.2095274e-13,407
Adam Trautman,6.723805831340829,2.510392705803264,5.903161840722111,4.150930403702824,2.051444636279974,457.0,11,3.3195598e-13,408
Blake Corum,6.72707469751292,4.460393004568066,4.652511108393461,4.79516261124265,1.6168119561016046,460.0,10,3.1503622e-13,409
Kyler Murray,6.845662461000257,2.8556658045283125,4.382799181497349,4.97062438059304,1.5166723264170092,492.0,10,2.9423865e-13,410
John Ross,6.771544614347414,2.297559176741445,5.4569544323642685,3.859228720969319,1.8654827898789543,478.0,9,2.4651562e-13,411
Aaron Rodgers,6.595662461000258,2.6091374401767893,6.703746631060998,4.408638851743962,1.9142613848242898,384.0,11,2.0840937e-13,412
Cooper Rush,6.845662461000257,4.519478950811237,4.550681356009225,3.681420228551376,2.469167329247094,492.0,9,1.8335355e-13,413
Malik Washington,6.539885835753151,3.276818892526985,6.348605327751904,5.062442194252705,1.3674437976209073,362.0,10,1.8103017e-13,414
Casey Washington,6.934793230999999,4.774798781728786,3.022394130277448,4.210786702806954,1.725718539304356,507.0,10,1.3687464e-13,415
Bo Melton,6.777794399912477,4.075020768,5.445662764611655,3.368391987485526,2.5350606366186805,480.0,11,1.3267358e-13,416
Matthew Stafford,6.762329127666925,4.460393004568066,4.652511108393461,4.79516261124265,1.625285146417094,468.0,10,1.3108011e-13,417
Malachi Corley,6.628314376893195,2.6091374401767893,6.703746631060998,4.408638851743962,1.9237379616054646,408.0,11,1.0172397e-13,418
Julian Hill,6.576032493,3.276818892526985,6.348605327751904,5.062442194252705,1.3750018075621349,373.0,10,7.891837e-14,419
Isaiah Davis,6.644948280633003,2.6091374401767893,6.703746631060998,4.408638851743962,1.9285656252095797,420.0,11,7.0589395e-14,420
Robbie Chosen,6.58203780687043,3.276818892526985,6.348605327751904,5.062442194252705,1.376257476163536,378.0,10,6.871301e-14,421
Peyton Hendershot,6.874063455247265,3.775615619954671,4.596603761984669,4.040935240187892,1.9692893931959758,499.0,10,5.979713e-14,422
Geno Smith,6.762329127666924,5.4797765715187845,4.418094518745434,4.349022672793165,1.8934126695181681,468.0,11,5.5306156e-14,423
Daniel Bellinger,6.891885245387985,1.9442203616120548,4.859936340167777,4.517553093854926,1.578460462644675,500.0,9,4.9714363e-14,424
Tanner Conner,6.597221186929038,3.276818892526985,6.348605327751904,5.062442194252705,1.3794322133809027,392.0,10,4.8416048e-14,425
Ricky Pearsall,6.669807497732026,4.811793063914677,5.695988214310297,3.9908688972334105,1.96111954759987,429.0,10,4.7815854e-14,426
Simi Fehoko,6.905780994889334,2.7857926791879697,4.519320986293021,4.634406281513321,1.5671796394605597,502.0,10,4.5970904e-14,427
Jalen Hurts,6.845662461000257,2.297559176741445,5.4569544323642685,3.859228720969319,1.8859014056052412,492.0,9,4.1876475e-14,428
Jamari Thrash,7.010659432147564,2.350556175263605,5.058257918552036,3.816118748375257,2.729471285419804,523.0,10,3.8919497e-14,429
Brandon Aiyuk,6.681539878,4.811793063914677,5.695988214310297,3.9908688972334105,1.9645692123756575,438.0,10,3.6709412e-14,430
Anthony Richardson,7.012329127666924,3.655847593198644,3.890155380512179,4.282501334574622,2.1099977765902973,524.0,11,3.3965032e-14,431
Ryan Flournoy,6.927183787125966,4.519478950811237,4.550681356009225,3.681420228551376,2.4985713199131903,505.0,9,2.4231202e-14,432
Charlie Jones,6.804417938066751,6.041992884836143,3.7968106263670394,4.640943100767112,1.9003648610478863,485.0,10,2.2214225e-14,433
Brandon Johnson,6.904050632233833,3.3044991107993282,5.007675049502437,4.466535968874445,2.008284025936071,501.0,10,2.084097e-14,434
Davante Adams,6.821877389351522,3.2836716359198705,5.773876070826407,4.241311212200798,2.054282387178759,354.5,22,1.616284e-14,435
Ronnie Bell,6.718209659533457,4.811793063914677,5.695988214310297,3.9908688972334105,1.9753512065626144,451.0,10,1.5826238e-14,436
Isaac Guerendo,6.723792117045312,4.811793063914677,5.695988214310297,3.9908688972334105,1.9769926132737505,456.0,10,1.3910936e-14,437
Baker Mayfield,7.178995794333591,3.953397848715493,2.9301420049973568,3.6775957423257326,2.479021801786442,538.0,11,1.37469805e-14,438
Rakim Jarrett,7.180038355458319,3.953397848715493,2.9301420049973568,3.6775957423257326,2.4793818148999653,540.0,11,1.339571e-14,439
Stone Smartt,6.956292028921366,2.7857926791879697,4.519320986293021,4.634406281513321,1.5786424796754006,514.0,10,1.3031699e-14,440
Jonathon Brooks,7.001865140072686,1.8711107325840275,4.623640980198356,4.157035017919782,1.8052082464191588,520.0,10,1.2225697e-14,441
Eric Gray,6.958602256286371,1.9442203616120548,4.859936340167777,4.517553093854926,1.5937407757310036,515.0,9,1.0556956e-14,442
Trey Benson,6.980186100803873,2.8556658045283125,4.382799181497349,4.97062438059304,1.5464763494609994,517.0,10,1.0220605e-14,443
Joe Burrow,6.845662461000257,6.041992884836143,3.7968106263670394,4.640943100767112,1.9118837951884582,492.0,10,9.108444e-15,444
Tua Tagovailoa,6.6789957943335905,3.276818892526985,6.348605327751904,5.062442194252705,1.396530704460806,432.0,10,7.3073465e-15,445
KhaDarel Hodge,7.062444132279799,4.774798781728786,3.022394130277448,4.210786702806954,1.7574843784894856,529.0,10,6.3554203e-15,446
Alex Bachman,6.943080213941443,3.958205831662952,4.844005510591817,4.073983572657633,2.154991218077773,509.0,11,6.310245e-15,447
Laviska Shenault Jr.,6.861218015250274,5.4797765715187845,4.418094518745434,4.349022672793165,1.9211009806148318,498.0,11,5.7993386e-15,448
Kenny Yeboah,6.758106445754041,2.6091374401767893,6.703746631060998,4.408638851743962,1.9614075583966708,467.0,11,5.770276e-15,449
Scott Miller,6.970891708594083,3.3044991107993282,5.007675049502437,4.466535968874445,2.027727085247359,516.0,10,3.9539303e-15,450
Tylan Wallace,7.165211732068093,5.603180071,1.0009372550356157,4.472023313091297,1.8616805529629432,537.0,10,3.6240423e-15,451
Dalvin Cook,7.003833019612083,4.519478950811237,4.550681356009225,3.681420228551376,2.5262179913266287,521.0,9,3.614006e-15,452
Sione Vaki,7.297215391637181,4.095410238379213,2.040723981900452,4.22827670876128,2.1510060780942455,544.0,10,3.3369564e-15,453
Jeff Wilson,6.715211984439009,3.276818892526985,6.348605327751904,5.062442194252705,1.4041032532448183,449.0,10,3.1467014e-15,454
Jordan Mason,6.797911563000001,4.811793063914677,5.695988214310297,3.9908688972334105,1.9987859100082777,483.0,10,2.264246e-15,455
Marquez Valdes-Scantling,7.069274048482813,2.9600012090480146,4.558724081807496,4.356291324046868,2.030280858716408,506.5,22,2.1218753e-15,456
Isiah Pacheco,7.015582593288011,3.775615619954671,4.596603761984669,4.040935240187892,2.0098319542724434,525.0,10,1.7265144e-15,457
Ben Sims,6.953654668493377,4.075020768,5.445662764611655,3.368391987485526,2.600836672061969,512.0,11,1.7151055e-15,458
Josh Reynolds,6.950481515371959,2.510392705803264,5.903161840722111,4.150930403702824,2.1206037743998247,511.0,11,1.3186087e-15,459
Payne Durham,7.277489496278296,3.953397848715493,2.9301420049973568,3.6775957423257326,2.5130332488378673,543.0,11,1.191291e-15,460
Jalen Reagor,7.070732531940687,2.7857926791879697,4.519320986293021,4.634406281513321,1.6046133041873898,531.0,10,7.4914257e-16,461
Brock Purdy,6.845662461000257,4.811793063914677,5.695988214310297,3.9908688972334105,2.0128260782793617,492.0,10,6.95245e-16,462
Jha'Quan Jackson,7.054753468362721,2.231988959021026,5.569818984476651,4.133388557870235,2.141513474391262,528.0,10,4.2273914e-16,463
Rashee Rice,7.075787913447682,3.775615619954671,4.596603761984669,4.040935240187892,2.0270796417830828,533.0,10,3.8214468e-16,464
Raheem Mostert,6.814755929305534,3.276818892526985,6.348605327751904,5.062442194252705,1.4249171869153856,488.0,10,3.107419e-16,465
Alec Ingold,6.830309111389452,3.276818892526985,6.348605327751904,5.062442194252705,1.4281692471082703,490.0,10,2.1642282e-16,466
Kimani Vidal,7.136526515245322,2.7857926791879697,4.519320986293021,4.634406281513321,1.61954441640125,535.0,10,1.4503029e-16,467
Ben Skowronek,7.118740247942926,3.3044991107993282,5.007675049502437,4.466535968874445,2.0707339917213625,534.0,10,1.00265044e-16,468
Kendric Pryor,7.053987739152072,6.041992884836143,3.7968106263670394,4.640943100767112,1.9700657060985656,527.0,10,8.975469e-17,469
Ashton Dulin,7.255898767246911,3.655847593198644,3.890155380512179,4.282501334574622,2.183287462376939,541.0,11,7.6974774e-17,470
Velus Jones Jr.,7.073639314037975,2.310023613821338,6.031291119767494,3.7291422700053363,2.237492893154431,532.0,9,5.785942e-17,471
Eric Saubert,6.948308172967333,4.811793063914677,5.695988214310297,3.9908688972334105,2.0430069361653485,510.0,10,5.4934845e-17,472
Kirk Cousins,7.262329127666925,4.774798781728786,3.022394130277448,4.210786702806954,1.807225622499003,542.0,10,4.5547622e-17,473
Kevin Austin,7.362889576386227,3.1000106155777725,3.1180306484067333,4.438428161186117,1.761070479255629,545.0,11,3.4529278e-17,474
Grant Dubose,6.922931652633418,3.276818892526985,6.348605327751904,5.062442194252705,1.4475359643119536,504.0,10,2.4797371e-17,475
Jermaine Burton,7.1590104738248375,6.041992884836143,3.7968106263670394,4.640943100767112,1.999396872467218,536.0,10,8.389446e-18,476
Patrick Taylor,7.025976411,4.811793063914677,5.695988214310297,3.9908688972334105,2.0658436821040747,526.0,10,8.049791e-18,477
Shane Zylstra,7.583548712176222,4.095410238379213,2.040723981900452,4.22827670876128,2.2354087823649182,552.0,10,2.9990843e-18,478
David Bell,7.415082739900147,2.350556175263605,5.058257918552036,3.816118748375257,2.8869260607098672,548.0,10,1.8347379e-18,479
Christian McCaffrey,7.179097377091898,4.811793063914677,5.695988214310297,3.9908688972334105,2.1108657491427247,539.0,10,1.8219942e-19,480
Mike Williams,7.343091068631021,2.9402620452351416,5.896093496985493,4.436208907520383,2.1336894198144645,502.6190476190476,21,3.5247752e-20,481
Bryce Oliver,7.44699000321946,2.231988959021026,5.569818984476651,4.133388557870235,2.2605792685121444,551.0,10,2.639431e-20,482
Cody White,7.445875688313302,5.4797765715187845,4.418094518745434,4.349022672793165,2.0848017151708373,550.0,11,3.852908e-21,483
Austin Trammell,7.91358052,2.620911471217988,2.536869123778477,4.605842589087526,1.9981054393096351,554.0,11,7.0044184e-22,484
D'Wayne Eskridge,7.426089910447791,3.276818892526985,6.348605327751904,5.062442194252705,1.5527427914875187,549.0,10,9.8557524e-23,485
Jacob Cowing,7.646980914050299,4.811793063914677,5.695988214310297,3.9908688972334105,2.2484372683569296,553.0,10,1.5522067e-24,486
Divine Deablo,8.241126039960488,3.958205831662952,4.844005510591817,4.073983572657633,2.5578783041739173,556.0,11,5.289938e-29,487
